id,period,screen,call,sms,appCat.builtin,appCat.communication,appCat.entertainment,appCat.finance,appCat.game,appCat.office,appCat.other,appCat.social,appCat.travel,appCat.unknown,appCat.utilities,appCat.weather,circumplex.arousal,circumplex.valence,activity,average_mood,mood
AS14.01,0,0.0,12.0,6.0,0.0,0.0,0.0,0.0,0.0,0.0,0.0,0.0,0.0,0.0,0.0,0.0,-1.0,0.0,0.0714285714285714,6.0,6.0
AS14.01,1,0.0,10.0,3.0,0.0,0.0,0.0,0.0,0.0,0.0,0.0,0.0,0.0,0.0,0.0,0.0,-0.22857142857142856,0.43809523809523815,0.0714285714285714,6.2,7.0
AS14.01,2,0.0,8.0,1.0,0.0,0.0,0.0,0.0,0.0,0.0,0.0,0.0,0.0,0.0,0.0,0.0,1.0,1.0,0.0714285714285714,7.0,7.0
AS14.01,3,0.0,18.0,2.0,0.0,0.0,0.0,0.0,0.0,0.0,0.0,0.0,0.0,0.0,0.0,0.0,1.0,1.0,0.0714285714285714,7.0,7.0
AS14.01,4,0.0,2.0,7.0,0.0,0.0,0.0,0.0,0.0,0.0,0.0,0.0,0.0,0.0,0.0,0.0,1.0,1.0,0.0714285714285714,7.0,7.0
AS14.01,5,14769.244001626967,20.0,1.0,2956.177,13528.798999999999,221.81799999999998,148.129,0.0,8.489,229.537,6194.6720000000005,239.683,45.173,343.55,30.386,0.5925981043738104,0.5971808421195491,0.17418244651600495,6.4,6.0
AS14.01,6,16574.39099836349,11.0,3.0,2927.449,14409.278,238.62900000000002,226.77,233.036,72.082,286.349,4248.95,472.57500000000005,79.546,751.739,0.0,-0.10729927754596114,0.7220920082685149,0.1710892392474193,6.8,8.0
AS14.01,7,21360.188001394272,15.0,0.0,3987.506,21115.370000000003,942.143,345.77799999999996,285.91700000000003,3.159,542.402,8346.375,433.312,95.767,803.7090000000001,0.0,-0.2129872592007111,0.3717247152752584,0.14590719109289388,7.0,6.0
AS14.01,8,15537.088001489641,8.0,1.0,3273.427,12655.275,175.815,65.259,114.406,0.0,328.988,3389.805,295.849,0.0,335.10400000000004,0.0,-0.39248962233009843,0.4305102849657275,0.1678991338806349,6.8,7.0
AS14.01,9,14350.653001308443,11.0,0.0,2569.3,10377.422,237.113,176.506,1.059,0.0,333.84000000000003,4004.4590000000003,39.265,0.0,514.49,0.0,-0.8118345903621806,0.7648917199480872,0.1489332838463297,7.4,7.0
AS14.01,10,16890.553997039795,12.0,3.0,3635.7799999999997,14874.461,582.846,165.86,0.0,0.0,298.849,5049.548,101.34100000000001,0.0,586.4350000000001,0.0,-0.29298353641050756,0.6482471564275275,0.1724205590622131,7.0,8.0
AS14.01,11,16977.743999242783,8.0,2.0,3177.051,16869.423,424.87199999999996,139.758,29.084,0.0,229.291,2708.6279999999997,197.168,0.0,677.577,0.0,-0.005504491072909357,0.9681564245810055,0.14572711386666604,7.6,8.0
AS14.01,12,13132.682999134064,8.0,5.0,2604.7200000000003,12241.391,703.307,135.853,0.0,0.0,229.766,2602.502,585.273,3.148,1217.983,0.0,-0.12222891045593125,0.9518825696860056,0.14829369944016074,7.6,7.0
AS14.01,13,17524.588998079296,8.0,5.0,2911.3239999999996,13796.505,439.64,634.966,38.211,0.0,228.91,2284.052,314.78,30.102,599.2719999999999,0.0,-0.24273900551454225,0.809198085506225,0.16979895296560726,7.8,8.0
AS14.02,0,0.0,21.0,9.0,0.0,0.0,0.0,0.0,0.0,0.0,0.0,0.0,0.0,0.0,0.0,0.0,0.0,1.0,0.142857142857143,7.0,7.0
AS14.02,1,0.0,27.0,10.0,0.0,0.0,0.0,0.0,0.0,0.0,0.0,0.0,0.0,0.0,0.0,0.0,0.0,1.0,0.142857142857143,7.0,7.0
AS14.02,2,0.0,26.0,5.0,0.0,0.0,0.0,0.0,0.0,0.0,0.0,0.0,0.0,0.0,0.0,0.0,0.0,1.0,0.142857142857143,7.0,7.0
AS14.02,3,0.0,40.0,6.0,0.0,0.0,0.0,0.0,0.0,0.0,0.0,0.0,0.0,0.0,0.0,0.0,0.0,1.0,0.142857142857143,7.0,7.0
AS14.02,4,0.0,31.0,10.0,0.0,0.0,0.0,0.0,0.0,0.0,0.0,0.0,0.0,0.0,0.0,0.0,0.0,1.0,0.142857142857143,7.0,7.0
AS14.02,5,14324.611003637314,36.0,2.0,2599.0730000000003,7995.8369999999995,143.24699999999999,0.0,0.0,0.0,573.4000000000001,525.614,125.7,0.0,0.0,0.0,0.26606811488254645,0.7288755108234446,0.19655935324036725,7.2,6.0
AS14.02,6,17280.194004774094,58.0,5.0,4054.193,7813.584,341.439,0.0,0.0,0.0,301.084,1148.095,2909.465,0.0,0.0,0.0,-0.4546280727830423,0.4468399037534191,0.48409474465949687,7.0,6.0
AS14.02,7,13959.257997989656,28.0,2.0,3234.817,6768.207,517.798,0.0,0.0,0.0,350.882,1852.7800000000002,0.0,0.0,67.163,0.0,-0.5148460347147723,0.5580498072377028,0.3591509496867749,7.2,6.0
AS14.02,8,13630.552994012833,32.0,4.0,4014.774,6193.913,437.474,0.0,0.0,0.0,495.438,1637.076,574.422,0.0,0.0,0.0,-0.9174681874563498,0.20816463668053947,0.4167617495224249,6.6,7.0
AS14.02,9,16534.813999414448,24.0,1.0,3005.254,8767.934,445.9,0.0,0.0,0.0,406.76,1990.147,557.297,0.0,0.0,0.0,-0.673339049881541,0.11980324443793208,0.37359330886268133,6.8,7.0
AS14.02,10,15879.495000839235,36.0,5.0,3431.119,8004.961,650.473,0.0,0.0,0.0,321.754,1974.218,1168.287,0.0,9.030999999999999,0.0,-0.18672796502239353,0.24503751547785385,0.45552807781974847,6.8,7.0
AS14.02,11,4662.753998517991,49.0,16.0,883.056,2318.751,224.49200000000002,0.0,0.0,0.0,49.683,205.274,159.646,0.0,84.488,0.0,-0.31881510011360503,0.28623029559420005,0.3371345487697867,7.4,7.0
AS14.02,12,44.62200021743778,36.0,5.0,10.09,72.34100000000001,0.0,0.0,0.0,0.0,0.0,106.887,0.0,0.0,0.0,0.0,-0.6398941798941798,-0.14825396825396825,0.42803418803418813,6.2,8.0
AS14.03,0,0.0,21.0,4.0,0.0,0.0,0.0,0.0,0.0,0.0,0.0,0.0,0.0,0.0,0.0,0.0,1.0,2.0,0.29,9.0,9.0
AS14.03,1,0.0,14.0,7.0,0.0,0.0,0.0,0.0,0.0,0.0,0.0,0.0,0.0,0.0,0.0,0.0,1.0,2.0,0.29,9.0,9.0
AS14.03,2,0.0,13.0,5.0,0.0,0.0,0.0,0.0,0.0,0.0,0.0,0.0,0.0,0.0,0.0,0.0,1.0,2.0,0.29,9.0,9.0
AS14.03,3,0.0,11.0,6.0,0.0,0.0,0.0,0.0,0.0,0.0,0.0,0.0,0.0,0.0,0.0,0.0,1.0,2.0,0.29,9.0,9.0
AS14.03,4,0.0,37.0,4.0,0.0,0.0,0.0,0.0,0.0,0.0,0.0,0.0,0.0,0.0,0.0,0.0,1.0,2.0,0.29,9.0,9.0
AS14.03,5,2324.8260011672983,27.0,7.0,208.02999999999997,1058.637,296.274,0.0,0.0,10.046,194.676,0.0,168.545,0.0,4.35,0.0,0.9398305084745763,1.854237288135593,0.2814080561580665,8.8,9.0
AS14.03,6,10611.762000560762,14.0,3.0,642.0889999999999,4676.968000000001,1699.222,163.689,0.0,93.669,549.6,0.0,288.245,66.03699999999999,51.46900000000001,44.854,-0.08806772010033917,1.0752077974438976,0.19628877385302007,8.0,8.0
AS14.03,7,7816.929997205734,9.0,2.0,388.05,4039.708,1036.025,30.165,0.0,34.824,518.793,0.0,0.0,99.054,12.205,31.955,-0.06718375482733216,1.0784428429517787,0.2365371054187082,8.0,7.0
AS14.03,8,6570.75399684906,9.0,3.0,401.347,3241.174,1057.258,137.542,0.0,28.926000000000002,399.167,0.0,73.84100000000001,43.286,29.197000000000003,0.0,0.3525756591779691,1.008609314363944,0.17470760258509005,7.6,7.0
AS14.03,9,7595.04400038719,4.0,3.0,280.098,4887.348,976.957,89.994,0.0,44.221999999999994,341.06,13.22,0.0,172.489,4.513,0.0,0.36665911635087234,1.023886166007905,0.2058535468685168,7.4,8.0
AS14.03,10,7609.340997457503,15.0,2.0,573.507,4135.04,913.787,46.303,0.0,88.78200000000001,389.85299999999995,41.364999999999995,0.0,82.632,34.295,0.0,0.3048613073306987,0.8912353347135955,0.208104601973449,7.8,7.0
AS14.03,11,8687.055000543593,20.0,5.0,496.554,3565.315,976.393,54.646,0.0,19.913,355.168,0.0,262.87,131.76500000000001,44.746,0.0,0.24653097778680882,0.824475145514177,0.20634186867654547,7.4,8.0
AS14.03,12,7686.8789999485025,4.0,6.0,366.259,4619.222,1248.551,136.398,0.0,25.014,321.802,19.455,0.0,119.204,10.174,0.0,-0.059084471203481315,0.9129054385105342,0.2611990825369097,7.4,8.0
AS14.03,13,8808.679997920988,2.0,0.0,294.523,5122.733,1255.836,95.394,0.0,12.225,397.627,7.876,388.449,127.399,41.706,0.0,-1.2242377539286344,1.0,0.17508515820760046,7.2,8.0
AS14.03,14,6234.084999322891,23.0,2.0,506.606,3434.774,1162.785,56.467,0.0,14.902,234.511,0.0,252.66400000000002,68.62299999999999,46.399,0.0,-1.2354692741975186,1.0760829614071934,0.206094005026646,7.8,8.0
AS14.05,0,0.0,5.0,0.0,0.0,0.0,0.0,0.0,0.0,0.0,0.0,0.0,0.0,0.0,0.0,0.0,-1.0,2.0,0.0333333333333333,8.0,8.0
AS14.05,1,0.0,15.0,0.0,0.0,0.0,0.0,0.0,0.0,0.0,0.0,0.0,0.0,0.0,0.0,0.0,-1.0,2.0,0.0333333333333333,8.0,8.0
AS14.05,2,0.0,8.0,1.0,0.0,0.0,0.0,0.0,0.0,0.0,0.0,0.0,0.0,0.0,0.0,0.0,-1.0,2.0,0.0333333333333333,8.0,8.0
AS14.05,3,7162.172999620439,16.0,0.0,323.217,4870.353,779.954,0.0,0.0,0.0,160.026,468.649,0.0,242.221,98.347,0.0,-0.6627450980392157,1.3038699690402478,0.0333333333333333,7.2,6.0
AS14.05,4,9080.593001842497,11.0,6.0,504.155,6599.16,1256.185,0.0,0.0,0.0,427.44,0.0,0.0,58.75,92.334,0.0,0.3939209043393151,0.7796397243107769,0.14650458183520998,6.8,4.0
AS14.05,5,7340.811001539231,1.0,12.0,137.7,5034.061,820.076,0.0,0.0,0.0,379.519,0.0,0.0,381.423,38.822,0.0,-1.2989425477335719,-0.3353274753021542,0.075337428717198,4.6,6.0
AS14.05,6,10635.065000534058,11.0,2.0,459.14099999999996,7695.552,974.425,0.0,0.0,0.0,349.715,21.861,0.0,448.807,142.068,0.0,-0.41824811812434415,0.6515997292863422,0.11092011023145969,6.2,7.0
AS14.05,7,10238.297999382017,4.0,0.0,699.624,7012.277,772.373,0.0,0.0,0.0,392.991,768.365,0.0,586.158,51.748000000000005,0.0,-0.3082216303265651,0.9303030303030303,0.11014985864535949,7.0,7.0
AS14.05,8,9511.931000709536,6.0,0.0,611.169,7181.3859999999995,1419.126,0.0,0.0,0.0,373.935,270.861,0.0,140.442,113.25,0.0,0.2461260660337957,0.7210842934515406,0.1296029829333026,6.8,7.0
AS14.05,9,10189.283000707628,13.0,3.0,575.238,6261.039,1157.05,0.0,0.0,0.0,360.043,1991.3149999999998,0.0,249.76800000000003,69.804,0.0,-0.36558001040453236,0.6615182824162108,0.1299211354561067,7.0,7.0
AS14.05,10,9772.644002199173,3.0,1.0,593.315,7826.7699999999995,1164.262,0.0,0.0,0.0,459.759,1897.9859999999999,0.0,518.7280000000001,190.791,0.0,-0.2429252625752234,0.8516306549444387,0.12088918006440959,7.0,7.0
AS14.05,11,12386.362003564836,4.0,2.0,503.153,8480.225,930.8309999999999,0.0,0.0,0.0,332.372,2593.312,5.029,421.12,200.059,0.0,-0.5450435255521195,1.0,0.11667866929539554,7.0,8.0
AS14.05,12,11469.910000324247,3.0,1.0,482.061,8069.85,932.8629999999999,0.0,0.0,0.0,323.632,1649.8220000000001,0.0,393.033,174.419,0.0,-0.47428249041653797,0.929186347027894,0.1027759057969804,7.2,7.0
AS14.06,0,0.0,20.0,0.0,0.0,0.0,0.0,0.0,0.0,0.0,0.0,0.0,0.0,0.0,0.0,0.0,-1.0,0.0,0.12,7.0,7.0
AS14.06,1,0.0,1.0,37.0,0.0,0.0,0.0,0.0,0.0,0.0,0.0,0.0,0.0,0.0,0.0,0.0,-1.0,0.0,0.11999999999999997,7.0,7.0
AS14.06,2,0.0,10.0,25.0,0.0,0.0,0.0,0.0,0.0,0.0,0.0,0.0,0.0,0.0,0.0,0.0,-1.0,0.0,0.12,7.0,7.0
AS14.06,3,0.0,12.0,1.0,0.0,0.0,0.0,0.0,0.0,0.0,0.0,0.0,0.0,0.0,0.0,0.0,-1.0,0.0,0.12,7.0,7.0
AS14.06,4,0.0,1.0,12.0,0.0,0.0,0.0,0.0,0.0,0.0,0.0,0.0,0.0,0.0,0.0,0.0,-1.0,0.0,0.12,7.0,7.0
AS14.06,5,5922.694000482558,4.0,8.0,23.251999999999995,3333.412,895.1419999999999,0.0,0.0,76.825,132.941,959.106,0.0,0.0,0.0,0.0,-0.8525745257452574,0.0975609756097561,0.11192705185668364,7.0,7.0
AS14.06,6,14978.049001216888,4.0,5.0,243.461,9654.457,2940.06,0.0,0.0,12.28,262.055,5906.473,644.191,0.0,0.0,4.859,0.024302985711624307,0.8426730112027687,0.2096690488742386,7.4,7.0
AS14.06,7,14109.68700051308,10.0,0.0,361.031,10023.089,2471.798,0.0,463.88500000000005,0.0,261.265,6519.579,344.198,0.0,0.0,0.0,-0.32973253591108254,0.28204195719873015,0.2405158057478114,7.0,7.0
AS14.06,8,9983.023998260498,11.0,1.0,286.77500000000003,8587.234,1979.591,0.0,0.0,1.003,281.324,3958.8689999999997,163.153,0.0,0.0,1.007,-0.3216182773311051,0.5704643027095824,0.16429606636884161,7.0,8.0
AS14.06,9,12895.762000083923,5.0,4.0,185.079,8681.784,2676.675,0.0,9.124,0.0,249.743,4589.708,1326.3310000000001,0.0,0.0,42.219,-0.338747705644062,0.6544795142489195,0.27020242069776634,7.6,7.0
AS14.06,10,15633.276001453401,14.0,1.0,440.213,12712.833,2583.685,0.0,76.947,26.692999999999998,283.919,5940.107,307.93399999999997,0.0,0.0,12.056,-0.2363543774188616,0.6484814270327621,0.20208198663954166,7.2,7.0
AS14.06,11,18864.741997241974,16.0,4.0,293.02299999999997,13258.552,3235.794,0.0,0.0,34.942,322.188,4240.896,625.902,0.0,0.0,41.699,0.18688429305563264,0.5985882618037521,0.18286344290620382,6.8,7.0
AS14.06,12,12981.972003221515,15.0,1.0,304.037,9737.793,2638.702,0.0,0.0,77.556,191.678,3744.97,467.642,0.0,0.0,0.0,-0.4349766240977132,0.693491518963217,0.22905976165243488,7.0,8.0
AS14.06,13,8856.197997808456,7.0,0.0,314.733,6573.419,1869.547,0.0,0.0,20.158,263.547,3090.638,492.90299999999996,93.997,0.0,7.101,-0.5393100433573957,0.7622360086349466,0.2062824356502288,7.8,7.0
AS14.07,0,9024.152000904083,3.0,4.0,1247.591,8610.368,120.822,0.0,0.0,0.0,271.812,2055.1009999999997,157.105,314.551,31.218,0.0,-1.0452038646089532,1.0134510308559186,0.0972222222222222,6.4,7.0
AS14.07,1,14618.8959941864,16.0,13.0,1323.19,14441.726,76.75999999999999,0.0,0.0,0.0,128.945,2698.035,224.282,0.0,0.0,0.0,0.017569580523831944,0.8571921217059248,0.11694271117708772,7.6,7.0
AS14.07,2,10872.752000331879,10.0,15.0,1896.871,9376.981,140.411,0.0,0.0,0.0,329.495,3331.545,977.056,172.816,14.226,0.0,0.002523846113178818,0.3906034387804596,0.15135704463104926,5.8,7.0
AS14.07,3,12138.70700073242,37.0,19.0,2448.1040000000003,9815.491,123.705,0.0,0.0,0.0,216.233,2217.689,298.973,0.0,0.0,0.0,-0.7463477522944564,0.23338627587154934,0.18985334125250364,6.4,7.0
AS14.07,4,10156.956998586653,11.0,10.0,1850.428,9378.114,78.60900000000001,0.0,0.0,0.0,205.445,1839.838,22.179,414.965,7.04,0.0,-0.5126074260159257,0.568697575272222,0.13119316597171685,6.6,6.0
AS14.07,5,6536.123003959655,9.0,12.0,1538.624,7167.939,67.378,0.0,0.0,0.0,161.862,2087.5840000000003,438.424,72.282,0.0,0.0,-0.2055728748827768,0.35504794197419476,0.08828540252765073,6.4,5.0
AS14.07,6,6910.913001060485,4.0,10.0,763.88,5592.804,14.091,0.0,0.0,0.0,216.482,1013.476,33.254,106.435,0.0,0.0,-0.8957748895722201,-0.06556607756116231,0.11693989149890412,4.8,6.0
AS14.07,7,6067.26999759674,14.0,3.0,1512.858,7613.466,18.07,0.0,0.0,0.0,186.99099999999999,1917.5910000000001,199.985,77.473,1.003,0.0,-0.25732701717622414,0.12670638252482927,0.1548521635280536,5.2,6.0
AS14.07,8,10949.78800678253,11.0,13.0,2747.712,11349.879,121.124,0.0,14.065,0.0,229.51299999999998,2546.683,1.004,520.266,7.21,0.0,-0.5902447168590497,0.2709011398062552,0.0924124823310482,6.2,4.0
AS14.08,0,0.0,1.0,17.0,0.0,0.0,0.0,0.0,0.0,0.0,0.0,0.0,0.0,0.0,0.0,0.0,0.0,1.0,0.0,7.0,7.0
AS14.08,1,0.0,0.0,16.0,0.0,0.0,0.0,0.0,0.0,0.0,0.0,0.0,0.0,0.0,0.0,0.0,-0.22777777777777777,0.8538888888888888,0.0,7.0,8.0
AS14.08,2,2081.3700015544896,0.0,29.0,141.678,488.32,0.0,0.0,0.0,0.0,68.108,1062.458,182.123,180.247,33.171,0.0,-0.1942870710396353,0.8663251164295864,0.0,7.4,7.0
AS14.08,3,3848.73099899292,1.0,3.0,150.466,1712.38,63.031000000000006,0.0,0.0,17.086,307.894,2562.18,0.0,0.0,29.315,0.0,-0.32263210180584256,0.6789244041083317,0.04386439773278044,6.4,7.0
AS14.08,4,4923.797999858856,2.0,5.0,166.466,1837.241,0.0,0.0,0.0,0.0,262.007,3369.963,277.904,0.0,111.62100000000001,0.0,-0.41183911061432976,0.7831047056831048,0.064423432144907,7.0,7.0
AS14.08,5,5020.32000207901,1.0,26.0,350.16700000000003,2675.625,12.013,0.0,0.0,0.0,263.124,2526.843,0.0,167.534,35.079,0.0,-0.3757356379854365,0.6569506217660932,0.08375233572571514,7.0,8.0
AS14.08,6,4461.456998586655,0.0,0.0,81.674,3185.126,131.443,0.0,0.0,0.0,312.429,2233.566,0.0,0.0,87.763,0.0,-0.3147222681001157,1.100439108883728,0.08654388508297398,7.3,7.0
AS14.08,7,5510.138001441955,3.0,6.0,270.28,2809.8900000000003,38.255,0.0,0.0,0.0,241.667,3964.857,0.0,7.028,68.374,0.0,0.2402281322533287,1.032430697161026,0.10769826567994104,7.0,7.0
AS14.08,8,5496.154000520705,1.0,0.0,171.796,2677.892,36.726,0.0,0.0,0.0,199.077,3161.587,0.0,0.0,61.651999999999994,0.0,0.2832331122966803,0.9896311321396762,0.11161179595825568,7.0,7.0
AS14.08,9,5012.291998863221,0.0,0.0,263.232,2355.726,29.546,0.0,0.0,0.0,273.913,2806.173,136.866,0.0,67.821,0.0,-0.580347482194105,0.7332918484709842,0.10897803993474198,6.6,8.0
AS14.08,10,4399.097998380661,0.0,0.0,216.296,2021.955,90.825,0.0,0.0,5.032,212.716,3288.034,0.0,39.458,28.122999999999998,0.0,-0.38332271695755693,0.5696089939393222,0.08808561321801668,6.4,6.0
AS14.08,11,3169.334000587463,0.0,3.0,161.864,1753.284,28.229,0.0,0.0,0.0,210.896,2053.257,0.0,0.0,0.0,0.0,-0.3837504975797052,0.7421415571294256,0.07140314534846484,6.0,7.0
AS14.08,12,4379.007999658585,0.0,0.0,167.79,2169.276,130.188,0.0,0.0,0.0,217.10199999999998,2531.855,0.0,6.071,50.39,0.0,-0.2111102054362973,0.9474738228971639,0.1407025351929897,7.3,7.0
AS14.09,0,0.0,8.0,0.0,0.0,0.0,0.0,0.0,0.0,0.0,0.0,0.0,0.0,0.0,0.0,0.0,0.0,1.0,0.0,7.0,7.0
AS14.09,1,0.0,16.0,7.0,0.0,0.0,0.0,0.0,0.0,0.0,0.0,0.0,0.0,0.0,0.0,0.0,0.0,1.0,0.0,7.0,7.0
AS14.09,2,0.0,10.0,2.0,0.0,0.0,0.0,0.0,0.0,0.0,0.0,0.0,0.0,0.0,0.0,0.0,0.0,1.0,0.0,7.0,7.0
AS14.09,3,0.0,16.0,11.0,0.0,0.0,0.0,0.0,0.0,0.0,0.0,0.0,0.0,0.0,0.0,0.0,0.0,1.0,0.0,7.0,7.0
AS14.09,4,0.0,14.0,4.0,0.0,0.0,0.0,0.0,0.0,0.0,0.0,0.0,0.0,0.0,0.0,0.0,0.0,1.0,0.0,7.0,7.0
AS14.09,5,15848.487001180649,4.0,2.0,317.334,8879.604,3073.153,93.26599999999999,0.0,29.769,360.57,902.5390000000001,370.613,324.702,29.759999999999998,20.453,0.3655063479254371,0.4134407984951909,0.07067300583509353,6.8,8.0
AS14.09,6,16257.93699979782,15.0,3.0,441.44100000000003,8736.097,3326.6400000000003,22.604,0.0,7.1,247.415,1794.923,471.265,129.67,48.608,65.066,-0.3561428965365354,0.9151653539687908,0.17589110963450597,8.0,7.0
AS14.09,7,16381.968001127243,16.0,1.0,601.758,10052.49,3819.542,174.582,175.019,8.14,270.276,527.0169999999999,1579.735,80.247,71.463,32.864,-0.15372057139911594,0.43467094570772336,0.19730535654141348,7.2,8.0
AS14.09,8,16492.568004846577,3.0,1.0,342.413,8563.050000000001,3471.302,62.033,80.992,9.112000000000002,251.638,733.54,636.92,4.098,23.329,114.57600000000001,0.05464527944301033,0.48283526218148803,0.17197101629642403,7.0,6.0
AS14.09,9,6980.04700088501,4.0,2.0,74.889,3531.102,1195.506,23.749,0.0,5.029,132.122,196.271,405.817,230.96500000000003,6.055,0.0,-0.2890983119239853,0.35706519795075387,0.09234087225173278,6.4,6.0
AS14.09,10,6026.4949996471405,4.0,3.0,78.271,2551.831,1416.315,116.731,0.0,6.087999999999999,106.00399999999999,74.59299999999999,118.72099999999999,43.992,8.118,0.0,-0.36552788893335114,0.29684656084656086,0.18332420052090703,6.6,6.0
AS14.09,11,3592.498999118803,24.0,2.0,164.568,1748.573,718.235,32.886,0.0,0.0,47.189,54.603,65.352,30.26,2.205,5.032,-0.17097794518789514,0.38433167661499945,0.08340256465185568,6.4,8.0
AS14.09,12,2063.3960006237035,0.0,0.0,25.166999999999998,1050.41,532.406,12.144,0.0,0.0,64.28800000000001,8.226,0.0,71.26,0.0,39.528000000000006,-0.3083173261621206,0.5678102189781022,0.0891365422618424,6.7,7.0
AS14.09,13,0.0,0.0,0.0,0.0,0.0,0.0,0.0,0.0,0.0,0.0,0.0,0.0,0.0,0.0,0.0,-0.06,0.6900000000000001,0.0,7.6,6.0
AS14.12,0,0.0,9.0,1.0,0.0,0.0,0.0,0.0,0.0,0.0,0.0,0.0,0.0,0.0,0.0,0.0,0.0,-1.0,0.0169491525423729,5.0,5.0
AS14.12,1,0.0,21.0,1.0,0.0,0.0,0.0,0.0,0.0,0.0,0.0,0.0,0.0,0.0,0.0,0.0,0.0,-1.0,0.0169491525423729,5.0,5.0
AS14.12,2,0.0,12.0,8.0,0.0,0.0,0.0,0.0,0.0,0.0,0.0,0.0,0.0,0.0,0.0,0.0,0.0,-1.0,0.0169491525423729,5.0,5.0
AS14.12,3,0.0,12.0,4.0,0.0,0.0,0.0,0.0,0.0,0.0,0.0,0.0,0.0,0.0,0.0,0.0,0.0,-1.0,0.0169491525423729,5.0,5.0
AS14.12,4,0.0,9.0,3.0,0.0,0.0,0.0,0.0,0.0,0.0,0.0,0.0,0.0,0.0,0.0,0.0,0.0,-0.15555555555555556,0.0169491525423729,5.8,6.0
AS14.12,5,8684.795999765396,20.0,1.0,2203.691,2032.087,513.986,0.0,0.0,0.0,201.52,5137.771000000001,101.118,60.299,27.341,0.0,0.04258791241047315,0.6641236644358341,0.13195588334276723,6.8,6.0
AS14.12,6,13301.602002382278,10.0,0.0,3797.95,4631.26,632.7139999999999,159.91500000000002,14.796,21.145000000000003,264.281,6779.697,647.318,0.0,15.117,0.0,0.2426864490198882,0.47131248744725224,0.24572632343744108,6.4,6.0
AS14.12,7,14106.115000963213,13.0,4.0,3800.7839999999997,3276.9880000000003,335.16700000000003,114.321,112.347,52.419999999999995,217.72899999999998,7176.532999999999,2213.735,0.0,42.898,0.0,0.28870614232694947,0.596567717644554,0.29037630292567784,6.2,5.0
AS14.12,8,15955.52599859238,5.0,0.0,4944.776,3437.002,789.611,38.118,184.96200000000002,11.059,247.158,10690.98,615.95,0.0,34.483000000000004,0.0,0.232568214622262,0.4495381142134411,0.23283808311871362,6.2,6.0
AS14.12,9,16416.96000099182,12.0,2.0,4779.59,4799.352,385.034,121.435,0.0,42.772999999999996,250.711,11197.135,867.3530000000001,0.0,24.285,0.0,-0.16961362597779264,0.8723017054760449,0.25420211977142665,6.8,6.0
AS14.12,10,17884.70100092888,13.0,2.0,5186.368,3739.739,745.845,35.153000000000006,611.609,15.095,254.879,11147.221000000001,1574.309,0.0,14.336,0.0,0.16761088687862702,0.7021670860862971,0.2560902140568205,6.0,7.0
AS14.12,11,10756.43299818039,13.0,9.0,3470.415,1888.288,367.88100000000003,85.26,0.0,60.67100000000001,242.149,6237.943,1598.7930000000001,0.0,36.423,66.475,-0.0014403618475355095,0.8391471256322098,0.27979313757455937,6.8,6.0
AS14.12,12,14940.371000051495,8.0,3.0,4667.281,3589.611,486.15000000000003,371.962,181.611,59.568999999999996,238.393,7199.937,888.5500000000001,0.0,35.894999999999996,0.0,-0.15433944834417251,0.6622807788025179,0.23223210009012457,6.0,6.0
AS14.13,0,0.0,15.0,6.0,0.0,0.0,0.0,0.0,0.0,0.0,0.0,0.0,0.0,0.0,0.0,0.0,-2.0,1.0,0.0,7.0,7.0
AS14.13,1,0.0,17.0,1.0,0.0,0.0,0.0,0.0,0.0,0.0,0.0,0.0,0.0,0.0,0.0,0.0,-2.0,1.0,0.0,7.0,7.0
AS14.13,2,0.0,15.0,5.0,0.0,0.0,0.0,0.0,0.0,0.0,0.0,0.0,0.0,0.0,0.0,0.0,-2.0,1.0,0.0,7.0,7.0
AS14.13,3,475.43499994278,9.0,2.0,64.527,323.918,3.038,0.0,0.0,0.0,47.557,174.092,0.0,0.0,0.0,0.0,-2.0,1.0,0.0,7.0,8.0
AS14.13,4,12395.196997404102,0.0,6.0,1132.299,4856.8949999999995,147.599,0.0,0.0,0.0,926.557,2463.994,845.428,141.978,12.518,0.0,-0.14878199005067955,0.606110061570206,0.0,7.2,8.0
AS14.13,5,23115.800996780396,0.0,4.0,729.5,15689.435,416.637,0.0,0.0,0.0,496.65500000000003,1654.246,47.006,19.359,0.0,0.0,0.7991663105715168,0.9652663430674359,0.1449745023704315,7.8,9.0
AS14.13,6,15835.13599729538,3.0,2.0,799.1469999999999,13516.255000000001,254.952,0.0,0.0,6.141,494.619,3168.698,404.423,0.0,25.496,0.0,-0.1978977254859627,1.3875079147205966,0.2724027798914658,8.2,7.0
AS14.13,7,20039.8829972744,4.0,3.0,903.753,14996.937000000002,339.479,0.0,0.0,0.0,405.698,1971.828,0.0,13.518999999999998,0.0,0.0,-1.1930035891053676,0.8369266528380825,0.3812429273867054,7.0,7.0
AS14.13,8,20774.220000505447,4.0,11.0,725.6700000000001,15523.614,83.31800000000001,0.0,0.0,0.0,447.07099999999997,1356.194,140.01999999999998,211.247,0.0,0.0,-0.2860904808112998,0.9572033950333431,0.32725481938211287,7.0,8.0
AS14.13,9,22985.700997829437,12.0,6.0,821.779,17369.237999999998,60.50699999999999,0.0,0.0,20.101,376.226,955.284,0.0,0.0,64.50999999999999,0.0,0.3968932210494554,1.1773179191484664,0.2658738809387249,7.6,7.0
AS14.13,10,21492.643999576572,6.0,4.0,873.807,17116.808,0.0,0.0,0.0,18.161,461.49,1148.06,0.0,56.776,0.0,0.0,-0.3976150506165458,0.7703962191722658,0.2553543492770281,6.6,3.0
AS14.13,11,12642.752003669739,1.0,1.0,643.173,9966.078,14.937999999999999,0.0,0.0,37.486000000000004,497.15099999999995,1070.1100000000001,59.209,0.0,0.0,0.0,-1.2268571844306142,0.4771858910913206,0.27497357561539293,5.8,7.0
AS14.13,12,16481.17399954796,5.0,2.0,832.615,15424.530999999999,0.0,0.0,0.0,16.433,458.01099999999997,3444.3559999999998,458.964,298.577,16.106,0.0,-0.5993613396788353,1.3013379106974796,0.3408477857499522,7.8,8.0
AS14.13,13,21056.704000234604,0.0,0.0,423.954,19117.798000000003,0.0,0.0,0.0,63.608999999999995,513.674,1682.359,963.681,142.69,0.0,0.0,-1.4555772174738764,1.1575413091090239,0.25841583122292533,8.0,6.0
AS14.14,0,0.0,6.0,9.0,0.0,0.0,0.0,0.0,0.0,0.0,0.0,0.0,0.0,0.0,0.0,0.0,-1.0,1.0,0.355140186915888,7.0,7.0
AS14.14,1,0.0,17.0,6.0,0.0,0.0,0.0,0.0,0.0,0.0,0.0,0.0,0.0,0.0,0.0,0.0,-1.0,1.0,0.355140186915888,7.0,7.0
AS14.14,2,0.0,11.0,25.0,0.0,0.0,0.0,0.0,0.0,0.0,0.0,0.0,0.0,0.0,0.0,0.0,-1.0,1.0,0.355140186915888,7.0,7.0
AS14.14,3,0.0,18.0,17.0,0.0,0.0,0.0,0.0,0.0,0.0,0.0,0.0,0.0,0.0,0.0,0.0,-1.0,1.0,0.35514018691588795,7.0,7.0
AS14.14,4,0.0,22.0,4.0,0.0,0.0,0.0,0.0,0.0,0.0,0.0,0.0,0.0,0.0,0.0,0.0,-1.0,1.0,0.35514018691588795,7.0,7.5
AS14.14,5,20318.981000185013,10.0,0.0,5435.291,8904.124,577.1030000000001,337.425,0.0,0.0,675.758,4668.188,273.667,0.0,12.133,0.0,-0.40742440405722435,0.41453146061687063,0.18696802575836716,6.5,6.0
AS14.14,6,28390.280999422077,5.0,3.0,5445.523,15053.327,115.77600000000001,170.062,0.0,0.0,708.2610000000001,3288.86,1267.357,13.838,0.0,0.0,-0.28385090768214705,0.6161698551069922,0.1892989511096887,6.8,8.0
AS14.14,7,5611.333998203278,5.0,2.0,1467.855,1545.057,0.0,8.059,0.0,0.0,185.798,150.76,0.0,0.0,0.0,0.0,-0.5889962522503809,0.8098462816784379,0.09156818504751799,7.2,9.0
AS14.14,8,2924.0209999084477,2.0,1.0,1059.633,641.4830000000001,0.0,0.0,0.0,3.011,238.698,322.899,0.0,0.0,0.0,0.0,-0.9478137017518872,0.8936238902340596,0.03275530771274306,7.4,7.0
AS14.14,9,1861.9610002040865,2.0,0.0,643.5899999999999,204.655,0.0,0.0,0.0,0.0,137.439,108.775,0.0,0.0,0.0,0.0,0.37820191504402034,0.9894736842105264,0.052786496858172785,7.6,8.0
AS14.14,10,2300.679999828339,0.0,1.0,768.814,195.415,0.0,0.0,0.0,13.136,212.089,33.663,0.0,0.0,0.0,0.0,0.09361603445348982,0.4489793010733047,0.03579587406285788,6.8,7.0
AS14.14,11,2028.8810007572174,2.0,3.0,890.501,364.802,0.0,0.0,169.699,0.0,220.678,38.463,47.435,0.0,0.0,0.0,-0.4423259468804023,0.6301978769305502,0.03860506308378448,7.0,7.0
AS14.14,12,1949.7340002059948,1.0,1.0,522.485,626.297,0.0,0.0,0.0,0.0,164.30400000000003,0.0,94.266,0.0,0.0,0.0,0.4000248638781355,1.1267176533534762,0.051270706453832915,7.4,7.0
AS14.14,13,1422.9500005245209,0.0,0.0,615.9200000000001,159.845,0.0,0.0,0.0,0.0,176.026,21.135,0.0,0.0,0.0,0.0,0.49732185557149683,0.9368421052631579,0.0473318800521477,6.6,7.0
AS14.15,0,0.0,30.0,16.0,0.0,0.0,0.0,0.0,0.0,0.0,0.0,0.0,0.0,0.0,0.0,0.0,-1.0,0.0,0.0,6.0,6.0
AS14.15,1,0.0,34.0,13.0,0.0,0.0,0.0,0.0,0.0,0.0,0.0,0.0,0.0,0.0,0.0,0.0,-1.0,0.0,0.0,6.0,6.0
AS14.15,2,0.0,19.0,1.0,0.0,0.0,0.0,0.0,0.0,0.0,0.0,0.0,0.0,0.0,0.0,0.0,-1.0,0.0,0.0,6.0,6.0
AS14.15,3,0.0,36.0,0.0,0.0,0.0,0.0,0.0,0.0,0.0,0.0,0.0,0.0,0.0,0.0,0.0,-1.0,0.0,0.0,6.0,6.0
AS14.15,4,408.06300044059753,32.0,2.0,102.979,159.506,0.0,0.0,0.0,0.0,0.0,0.0,0.0,0.0,0.0,0.0,-0.5537878787878788,0.2121212121212121,0.0,6.4,6.0
AS14.15,5,923.4509997367861,26.0,7.0,435.628,655.914,5.019,0.0,0.0,0.0,0.0,0.0,94.552,0.0,17.082,0.0,0.16458952811893993,0.8024319471378295,0.07888307117718872,6.7,7.0
AS14.15,6,2050.8240005969997,6.0,0.0,289.944,575.638,0.0,0.0,0.0,3.01,54.435,0.0,0.0,0.0,0.0,0.0,0.3536179529282978,0.9097701149425287,0.09940936807327136,7.0,7.0
AS14.15,7,1508.3659999370568,42.0,3.0,447.93899999999996,916.496,0.0,0.0,0.0,9.039,119.489,205.592,62.299,0.0,48.229,0.0,0.6443107546048722,0.9186274509803921,0.1872193428050426,7.0,7.0
AS14.15,8,1100.651999950409,24.0,12.0,303.07099999999997,610.683,0.0,0.0,0.0,9.064,8.031,61.305,0.0,0.0,0.0,0.0,0.579743351886209,1.0,0.1766061777429762,7.0,8.0
AS14.15,9,536.3430004119862,18.0,5.0,110.988,408.97799999999995,0.0,0.0,0.0,0.0,18.198,0.0,0.0,0.0,0.0,0.0,0.16268359268359273,0.6991318591318592,0.05234025891920622,7.0,7.0
AS14.15,10,943.995000123977,29.0,3.0,227.574,886.299,0.0,0.0,0.0,24.198,17.093,109.231,194.88,0.0,0.0,0.0,0.8390866370471632,0.9894736842105264,0.06756428067543022,7.0,7.0
AS14.15,11,1560.2369990348811,3.0,0.0,335.753,1103.143,16.116,0.0,0.0,24.169,37.290000000000006,63.36,103.633,23.129,0.0,0.0,0.22115198482138848,0.769814241486068,0.1453174655656984,6.8,7.0
AS14.15,12,793.9059998989105,5.0,12.0,135.36,587.841,0.0,0.0,0.0,6.026,51.415,182.80599999999998,0.0,0.0,0.0,0.0,0.5855555555555556,1.0,0.04812499999999996,7.2,7.0
AS14.15,13,438.2970004081722,14.0,4.0,185.622,550.682,0.0,21.075,0.0,0.0,65.505,0.0,0.0,0.0,0.0,0.0,0.5007803379416282,0.31862365591397845,0.0622967741935484,6.8,6.0
AS14.15,14,326.64300012588535,8.0,1.0,87.65,81.843,0.0,0.0,0.0,0.0,15.069,14.115,0.0,0.0,0.0,0.0,0.4651082251082251,0.1327272727272727,0.0318251082251082,6.6,7.0
AS14.16,0,0.0,14.0,2.0,0.0,0.0,0.0,0.0,0.0,0.0,0.0,0.0,0.0,0.0,0.0,0.0,0.0,1.0,0.142857142857143,8.0,8.0
AS14.16,1,0.0,16.0,2.0,0.0,0.0,0.0,0.0,0.0,0.0,0.0,0.0,0.0,0.0,0.0,0.0,0.0,1.0,0.142857142857143,8.0,8.0
AS14.16,2,0.0,13.0,6.0,0.0,0.0,0.0,0.0,0.0,0.0,0.0,0.0,0.0,0.0,0.0,0.0,0.0,1.0,0.142857142857143,8.0,8.0
AS14.16,3,0.0,15.0,4.0,0.0,0.0,0.0,0.0,0.0,0.0,0.0,0.0,0.0,0.0,0.0,0.0,0.0,1.0,0.142857142857143,8.0,8.0
AS14.16,4,1120.5699992179868,6.0,8.0,318.714,453.181,0.0,59.274,0.0,0.0,92.314,103.398,0.0,0.0,0.0,0.0,-0.7079693486590038,0.877624521072797,0.12484126984126995,7.3,7.0
AS14.16,5,1221.7160003185277,11.0,7.0,403.567,761.5219999999999,80.235,22.1,0.0,0.0,53.336,210.514,0.0,0.0,0.0,0.0,0.6154994001339554,0.8054363258845557,0.11642326883918622,6.6,7.0
AS14.16,6,1408.684000253677,7.0,20.0,568.5550000000001,722.14,2.107,83.876,0.0,0.0,54.602,434.001,0.0,0.0,0.0,0.0,-0.2216985625452305,0.762882561419582,0.18613533668866922,6.4,7.0
AS14.16,7,1446.840000152588,9.0,10.0,515.5350000000001,794.526,6.484,19.119,0.0,0.0,33.311,142.3,40.949,0.0,0.0,0.0,-0.035542464092661395,0.48470317213137487,0.20452678683490588,5.3,7.0
AS14.16,8,2167.6140003204346,9.0,4.0,848.383,1570.893,48.409000000000006,20.066,0.0,0.0,67.375,487.92999999999995,9.888,0.0,19.138,5.22,-0.3853809065814279,0.9664502491318133,0.12200139612403649,6.8,7.0
AS14.16,9,1471.4530003070831,12.0,3.0,508.522,945.227,0.0,57.474000000000004,162.983,0.0,20.146,452.024,0.0,0.0,0.0,0.0,0.08789653104643616,0.9657142857142856,0.1955537175978778,6.8,7.0
AS14.16,10,1043.750001192093,12.0,8.0,363.616,455.82300000000004,0.0,0.0,0.0,0.0,18.182000000000002,177.719,0.0,0.0,0.0,0.0,0.48280020703933746,0.8926570048309179,0.0836479797548947,7.0,7.0
AS14.16,11,1506.4529986381547,5.0,6.0,431.399,878.1120000000001,63.39,44.169,0.0,0.0,27.292,234.928,0.0,0.0,0.0,0.0,0.5126975108225109,1.0,0.0681334622484303,7.0,7.0
AS14.16,12,2275.1419985294347,14.0,18.0,511.19300000000004,1037.363,0.0,41.977,0.0,0.0,14.081,141.185,0.0,0.0,0.0,4.01,0.6138238798238799,0.7930617283950617,0.13013618413105674,7.0,7.0
AS14.16,13,1595.295000076294,27.0,7.0,416.703,1075.058,45.855999999999995,0.0,0.0,0.0,12.045,232.33100000000002,0.0,0.0,0.0,0.0,0.4907364612511671,1.0,0.136227265223908,7.2,7.0
AS14.17,0,0.0,4.0,5.0,0.0,0.0,0.0,0.0,0.0,0.0,0.0,0.0,0.0,0.0,0.0,0.0,-1.0,2.0,0.0,6.0,6.0
AS14.17,1,0.0,6.0,2.0,0.0,0.0,0.0,0.0,0.0,0.0,0.0,0.0,0.0,0.0,0.0,0.0,-1.0,2.0,0.0,6.0,6.0
AS14.17,2,0.0,7.0,6.0,0.0,0.0,0.0,0.0,0.0,0.0,0.0,0.0,0.0,0.0,0.0,0.0,-0.19428571428571428,1.64,0.0,6.8,7.5
AS14.17,3,0.0,5.0,0.0,0.0,0.0,0.0,0.0,0.0,0.0,0.0,0.0,0.0,0.0,0.0,0.0,0.4833333333333333,0.7733333333333333,0.0,7.3,6.0
AS14.17,4,0.0,1.0,3.0,0.0,0.0,0.0,0.0,0.0,0.0,0.0,0.0,0.0,0.0,0.0,0.0,0.8066666666666666,0.8066666666666666,0.0,7.6,8.0
AS14.17,5,1707.279999256134,12.0,1.0,283.773,1347.4099999999999,14.096,0.0,0.0,49.206,84.342,1415.547,0.0,0.0,0.0,0.0,0.9612244897959183,1.0,0.05207864971527806,8.0,7.0
AS14.17,6,10027.820001602175,6.0,1.0,1408.952,6747.698,150.084,0.0,0.0,0.0,186.308,4293.8189999999995,459.21000000000004,0.0,98.24300000000001,0.0,0.4685962787602115,0.7970042365994877,0.19157507993150316,7.2,7.0
AS14.17,7,8496.011004209518,9.0,1.0,1432.298,5560.182,82.857,21.08,0.0,0.0,300.596,4233.898,1007.8829999999999,0.0,52.837,0.0,0.679351311050602,0.8756178215322479,0.1877356406490818,7.2,7.0
AS14.17,8,9351.73800492287,10.0,7.0,1829.79,4461.6630000000005,364.301,0.0,0.0,67.794,264.048,3480.806,432.576,0.0,100.59700000000001,0.0,0.14910814196313657,0.9040286927243448,0.2174130383322428,7.0,7.0
AS14.17,9,8420.226999282839,3.0,2.0,1360.577,7344.535000000001,457.801,0.0,0.0,29.684,271.218,4075.388,589.6260000000001,85.71600000000001,20.08,0.0,0.5202739505881848,1.0183333333333333,0.12536735895022616,7.0,7.0
AS14.17,10,9960.8489985466,1.0,1.0,2395.5550000000003,5315.246,193.832,0.0,0.0,13.126,384.837,3888.865,564.598,0.0,24.194,0.0,0.6747825923715999,1.0,0.20577921371397795,7.2,7.0
AS14.17,11,9671.435004234312,3.0,3.0,1010.685,8453.973,118.91,0.0,0.0,14.069,210.278,2905.957,482.425,0.0,37.765,0.0,0.8325369760740806,1.0,0.18857450493264574,7.0,7.0
AS14.17,12,11249.619000673294,7.0,3.0,1736.891,8588.762,126.59,0.0,0.0,10.858,238.699,2780.937,869.956,0.0,11.045,0.0,0.7344662935140177,1.0,0.20522225944265332,7.0,7.0
AS14.17,13,9551.106994628908,0.0,3.0,1608.2150000000001,6034.249,138.65200000000002,11.147,0.0,24.258,214.314,2002.421,882.396,0.0,37.962,0.0,0.9208792463602627,0.9019354838709678,0.19482721692524832,7.2,8.0
AS14.19,0,0.0,27.0,2.0,0.0,0.0,0.0,0.0,0.0,0.0,0.0,0.0,0.0,0.0,0.0,0.0,1.0,0.0,0.0,3.0,3.0
AS14.19,1,0.0,10.0,5.0,0.0,0.0,0.0,0.0,0.0,0.0,0.0,0.0,0.0,0.0,0.0,0.0,1.0,0.0,0.0,3.0,3.0
AS14.19,2,0.0,37.0,1.0,0.0,0.0,0.0,0.0,0.0,0.0,0.0,0.0,0.0,0.0,0.0,0.0,1.0,0.0,0.0,3.0,3.0
AS14.19,3,0.0,45.0,7.0,0.0,0.0,0.0,0.0,0.0,0.0,0.0,0.0,0.0,0.0,0.0,0.0,1.0,0.0,0.0,3.0,3.0
AS14.19,4,0.0,19.0,3.0,0.0,0.0,0.0,0.0,0.0,0.0,0.0,0.0,0.0,0.0,0.0,0.0,1.0,0.0,0.0,3.0,3.0
AS14.19,5,2056.2069985866547,33.0,0.0,692.23,1268.148,0.0,0.0,0.0,0.0,205.723,144.269,0.0,0.0,0.0,0.0,0.1323986194995686,0.3887692229609704,0.05763086869710514,4.6,6.0
AS14.19,6,10454.542997837067,38.0,2.0,1528.993,6839.813,48.084,0.0,0.0,0.0,268.514,356.425,0.0,72.91,0.0,0.0,-0.5637210099904859,0.5139324740978239,0.22472726944002558,6.2,7.0
AS14.19,7,6660.812999725342,25.0,3.0,1251.002,4741.121,25.332,0.0,0.0,0.0,227.815,47.717,18.794,8.822,0.0,0.0,-0.07691324431554045,0.7697638171146703,0.16638455556606763,7.0,7.0
AS14.19,8,9689.545004367828,43.0,1.0,1663.115,6517.289,0.0,0.0,360.982,0.0,278.956,291.875,0.0,0.0,0.0,0.0,-0.5464653823635252,0.7214513498327599,0.22047689359469408,7.4,6.0
AS14.19,9,7912.518004179,32.0,3.0,1389.315,4827.247,0.0,0.0,0.0,0.0,220.209,282.18600000000004,0.0,0.0,53.342,0.0,-0.3736092213860891,0.851198193088605,0.14188757043028305,6.8,7.0
AS14.19,10,9289.654998302462,30.0,1.0,1056.076,7080.739,0.0,0.0,0.0,0.0,287.549,907.279,0.0,54.952999999999996,0.0,0.0,-0.466460561424663,0.9735015772870662,0.23046017265757907,7.0,6.0
AS14.19,11,7798.9169981479645,26.0,1.0,1042.449,5944.221,0.0,0.0,229.132,0.0,239.914,498.102,0.0,8.679,0.0,0.0,-0.12887183633474852,0.990539815303842,0.2321826239494368,6.8,6.0
AS14.19,12,7567.617998600009,25.0,2.0,994.494,4480.818,0.0,0.0,0.0,0.0,249.037,848.114,259.458,0.0,3.653,0.0,-0.5296216332645443,0.9630502881818732,0.17925488454624702,6.6,7.0
AS14.19,13,8654.039996862411,33.0,0.0,1397.493,5048.47,5.125,0.0,0.0,0.0,277.172,1219.1779999999999,62.108,6.066,0.0,0.0,0.29213133200640745,0.8612843965216062,0.17797176641979612,7.2,8.0
AS14.20,0,0.0,4.0,7.0,0.0,0.0,0.0,0.0,0.0,0.0,0.0,0.0,0.0,0.0,0.0,0.0,-1.0,1.0,0.0,7.0,7.0
AS14.20,1,0.0,9.0,2.0,0.0,0.0,0.0,0.0,0.0,0.0,0.0,0.0,0.0,0.0,0.0,0.0,-1.0,1.0,0.0,7.0,7.0
AS14.20,2,0.0,8.0,9.0,0.0,0.0,0.0,0.0,0.0,0.0,0.0,0.0,0.0,0.0,0.0,0.0,-1.0,1.0,0.0,7.0,7.0
AS14.20,3,94.72199988365172,2.0,2.0,7.742,6.086,0.0,0.0,63.294,0.0,0.0,47.557,0.0,0.0,0.0,0.0,-1.0,1.0,0.0,7.0,7.0
AS14.20,4,3045.5150001049033,0.0,2.0,439.691,1368.546,3.011,0.0,347.38599999999997,0.0,179.449,754.3820000000001,0.0,215.656,88.629,0.0,0.18816584381801774,0.19638915619319786,0.06215890283966761,6.8,6.0
AS14.20,5,1702.2890002727513,4.0,2.0,226.285,517.593,75.205,0.0,624.721,0.0,148.95499999999998,925.5029999999999,0.0,14.478000000000002,0.0,0.0,0.4596362844170698,0.6099836115085828,0.13805540318143614,6.5,7.0
AS14.20,6,1853.8459994792945,2.0,7.0,425.976,1389.956,25.096,75.399,0.0,0.0,71.009,1153.33,93.434,0.0,0.0,0.0,0.4368846556690233,0.4538657548460354,0.14118353130539302,7.0,7.0
AS14.20,7,1896.8910000324247,5.0,8.0,544.5840000000001,1193.045,74.63,0.0,166.62099999999998,0.0,159.91600000000003,793.245,0.0,0.0,0.0,0.0,0.3900201841451113,0.7749567264418749,0.0852006326366037,7.2,7.0
AS14.20,8,2395.357000112533,8.0,4.0,180.274,1786.5779999999997,123.988,49.692,1.003,0.0,51.855,435.725,0.0,0.0,0.0,0.0,0.3688056004613479,0.792995641774677,0.057856934057433064,7.2,7.0
AS14.20,9,4010.2200002670293,0.0,2.0,256.829,2718.066,33.187,0.0,284.938,0.0,25.42,505.37,0.0,42.19,0.0,0.0,-0.20452097430408855,0.6647796761913248,0.06943218719499478,7.2,7.0
AS14.20,10,2485.0990018844604,2.0,8.0,160.331,1299.092,42.919,0.0,0.0,0.0,174.068,530.591,0.0,0.0,0.0,0.0,0.05466831774415047,0.2669802675472413,0.12297131936494088,7.2,8.0
AS14.20,11,2690.313999652862,2.0,1.0,401.796,1818.0410000000002,59.994,0.0,561.0070000000001,0.0,92.783,1342.788,0.0,59.635,0.0,0.0,0.2647106861631975,0.3849849041036843,0.06956581391607743,7.2,7.0
AS14.20,12,0.0,0.0,0.0,0.0,0.0,0.0,0.0,0.0,0.0,0.0,0.0,0.0,0.0,0.0,0.0,0.12000000000000002,0.47333333333333333,0.0104166666666667,7.0,7.0
AS14.23,0,0.0,10.0,9.0,0.0,0.0,0.0,0.0,0.0,0.0,0.0,0.0,0.0,0.0,0.0,0.0,0.0,1.0,0.42222222222222194,7.0,7.0
AS14.23,1,0.0,10.0,7.0,0.0,0.0,0.0,0.0,0.0,0.0,0.0,0.0,0.0,0.0,0.0,0.0,0.0,1.0,0.42222222222222194,7.0,7.0
AS14.23,2,0.0,11.0,2.0,0.0,0.0,0.0,0.0,0.0,0.0,0.0,0.0,0.0,0.0,0.0,0.0,0.0,1.0,0.42222222222222194,7.0,7.0
AS14.23,3,3557.0980017185225,3.0,3.0,84.628,1242.675,254.044,0.0,0.0,0.0,184.122,199.737,0.0,1216.493,0.0,0.0,0.0,1.0,0.42176659399224786,7.0,7.0
AS14.23,4,18969.177999019623,2.0,1.0,2401.285,15556.106,899.064,0.0,1864.711,0.0,626.392,7256.327,283.723,606.635,24.218000000000004,0.0,-0.17220606886448206,0.7617704874244977,0.37859880203998314,6.6,7.0
AS14.23,5,25753.43799495697,2.0,0.0,2117.4139999999998,17207.309,626.809,0.0,4776.237,0.0,449.12,1099.012,342.23900000000003,531.302,35.176,0.0,0.2892287842924231,1.456953119584002,0.43626253310821095,7.2,8.0
AS14.23,6,27771.307003736496,11.0,2.0,2058.752,19583.019,1020.319,0.0,1439.181,0.0,246.82,313.067,1348.007,226.217,26.101,0.0,0.7820929166784005,1.1044430651218513,0.44495811919605677,7.2,7.0
AS14.23,7,23330.757001161575,6.0,2.0,1726.8760000000002,16142.634,424.663,0.0,1434.2140000000002,0.0,483.51599999999996,1052.137,709.029,271.826,31.163,0.0,0.0496164263332535,0.7714796881995791,0.3461841537069944,6.8,8.0
AS14.23,8,16174.907994031908,4.0,0.0,1343.314,10446.152,196.688,0.0,2361.209,92.166,643.19,493.14200000000005,643.624,451.473,0.0,0.0,0.47497970476848417,1.0051853924350826,0.33371590190409406,7.2,8.0
AS14.23,9,18348.030001163483,3.0,0.0,1229.185,12102.589,422.181,0.0,541.105,102.064,726.4209999999999,890.9379999999999,68.389,356.021,23.115000000000002,0.0,0.07899896175885421,1.0520884520884521,0.37759473582527425,7.8,7.0
AS14.23,10,25152.340005397797,9.0,1.0,2451.2309999999998,14461.124,475.161,0.0,291.46799999999996,297.17,343.773,1256.011,324.17,658.8259999999999,19.307000000000002,0.0,0.31483418104120675,0.42433076121958224,0.4348042686466932,6.2,7.0
AS14.23,11,30597.0229985714,8.0,3.0,1385.886,22528.186,1233.8029999999999,0.0,78.44999999999999,70.486,238.41899999999998,2085.152,239.874,240.957,44.328,0.0,-0.5158583534350657,1.1411392571203571,0.34314441037959237,8.1,9.0
AS14.24,0,0.0,23.0,7.0,0.0,0.0,0.0,0.0,0.0,0.0,0.0,0.0,0.0,0.0,0.0,0.0,1.0,1.0,0.176470588235294,8.0,8.0
AS14.24,1,7794.149998903275,35.0,9.0,3075.544,3411.393,13.041,0.0,0.0,0.0,336.97299999999996,1837.13,78.393,0.0,18.564999999999998,0.0,-0.1449499047948762,0.686413680687785,0.17187946275368027,7.4,7.0
AS14.24,2,5632.472999334337,16.0,2.0,1939.076,3239.5950000000003,50.608,0.0,0.0,0.0,215.365,1944.1180000000002,0.0,45.823,56.51899999999999,0.0,0.4037813157458915,0.9146877793385263,0.07837293711231749,7.2,7.0
AS14.24,3,7112.2110006809235,30.0,7.0,2870.373,4914.091,81.715,0.0,0.0,19.223,254.883,741.1310000000001,229.07500000000002,0.0,105.25399999999999,0.0,-0.09253817770591413,0.6199201357687508,0.17723404590045427,6.9,6.0
AS14.24,4,8076.935001373291,12.0,2.0,3049.567,3952.442,200.2,0.0,0.0,0.0,229.679,552.649,0.0,47.712,30.673000000000002,0.0,-0.1963587358560029,0.7762549768912187,0.17025038856924626,7.0,7.0
AS14.24,5,7824.5710027217865,3.0,1.0,3026.009,4155.275,237.575,0.0,0.0,13.722,162.969,773.461,34.145,0.0,17.134,0.0,0.24315811619220132,0.8792026771424414,0.11166419464234785,7.2,7.0
AS14.24,6,10322.32799720764,12.0,2.0,3360.136,5611.451,318.673,0.0,0.0,25.177999999999997,233.965,1446.3020000000001,0.0,13.612,44.346000000000004,0.0,-0.650942456180227,0.9215680615680615,0.13449303094796897,7.2,6.0
AS14.24,7,13148.837003707886,24.0,7.0,3961.79,7239.687,115.30799999999999,0.0,0.0,0.0,279.687,1780.968,23.2,0.0,56.739000000000004,0.0,-0.22794573020063652,0.5559068148715042,0.06533617603360034,6.8,8.0
AS14.24,8,8212.166997671126,8.0,6.0,2725.927,3752.2400000000002,116.22,0.0,0.0,0.0,293.678,1024.311,0.0,34.409,4.009,0.0,0.20691021778117075,0.718786933430908,0.04802333582236778,7.0,7.0
AS14.24,9,7425.022002220155,15.0,6.0,2803.2200000000003,3847.5910000000003,0.0,0.0,0.0,0.0,299.78999999999996,435.897,433.329,0.0,0.0,0.0,0.24669527291674523,0.8830535595488748,0.07251510834017048,7.0,7.0
AS14.24,10,8777.784999608994,18.0,0.0,3574.321,5464.237,113.369,0.0,0.0,0.0,206.101,958.564,0.0,0.0,38.212,0.0,0.0938234599768901,0.8074217117963476,0.06807609126195349,7.2,8.0
AS14.24,11,9425.08999824524,29.0,12.0,3132.1549999999997,6166.293000000001,0.0,0.0,0.0,0.0,167.367,422.317,225.737,0.0,14.753,0.0,0.4219581401597428,1.0,0.19570890497676757,7.4,7.0
AS14.25,0,0.0,32.0,0.0,0.0,0.0,0.0,0.0,0.0,0.0,0.0,0.0,0.0,0.0,0.0,0.0,0.0,0.0,0.666666666666667,7.0,7.0
AS14.25,1,0.0,15.0,0.0,0.0,0.0,0.0,0.0,0.0,0.0,0.0,0.0,0.0,0.0,0.0,0.0,0.0,0.0,0.666666666666667,7.0,7.0
AS14.25,2,0.0,28.0,0.0,0.0,0.0,0.0,0.0,0.0,0.0,0.0,0.0,0.0,0.0,0.0,0.0,0.0,0.0,0.666666666666667,7.0,7.0
AS14.25,3,0.0,30.0,0.0,0.0,0.0,0.0,0.0,0.0,0.0,0.0,0.0,0.0,0.0,0.0,0.0,0.0,0.0,0.666666666666667,7.0,7.0
AS14.25,4,0.0,42.0,0.0,0.0,0.0,0.0,0.0,0.0,0.0,0.0,0.0,0.0,0.0,0.0,0.0,0.0,0.0,0.666666666666667,7.0,7.0
AS14.25,5,0.0,25.0,0.0,0.0,0.0,0.0,0.0,0.0,0.0,0.0,0.0,0.0,0.0,0.0,0.0,0.0,0.0,0.666666666666667,7.0,7.0
AS14.25,6,0.0,32.0,5.0,0.0,0.0,0.0,0.0,0.0,0.0,0.0,0.0,0.0,0.0,0.0,0.0,0.0,0.0,0.666666666666667,7.0,7.0
AS14.25,7,0.0,26.0,6.0,0.0,0.0,0.0,0.0,0.0,0.0,0.0,0.0,0.0,0.0,0.0,0.0,0.0,0.0,0.666666666666667,7.0,7.0
AS14.25,8,4561.370999813078,33.0,11.0,551.769,2657.509,0.0,0.0,162.551,27.191000000000003,121.472,78.103,68.551,0.0,0.0,13.176,0.01488095238095238,0.02976190476190476,0.5769467370281449,7.0,8.0
AS14.25,9,9705.402000904081,19.0,11.0,2564.4,6152.359,202.416,0.0,880.7850000000001,46.755,520.614,1180.099,225.477,0.0,4.123,74.763,-0.13472036718508185,0.6026799146390254,0.153633271813356,7.2,7.0
AS14.25,10,18838.556000471115,23.0,18.0,3233.987,13957.646999999999,0.0,0.0,10.035,58.255,525.182,2031.482,451.236,0.0,0.0,45.237,0.1376815223829889,0.07692371318622458,0.17530101282122643,7.0,7.0
AS14.25,11,15168.028001785278,28.0,14.0,3101.215,11697.446,0.0,0.0,549.758,51.294,537.3100000000001,1329.545,319.173,0.0,0.0,113.28099999999999,-0.12937340835647204,0.4125734114593181,0.16566616898543554,7.0,6.0
AS14.25,12,17357.746999263763,28.0,4.0,3168.908,12895.798999999999,0.0,0.0,1597.04,14.178,405.639,299.882,332.606,50.439,0.0,158.69,-0.13288269787444926,0.3042063501224918,0.15119778225235497,6.8,6.0
AS14.25,13,20856.49999833107,49.0,14.0,3142.9,15731.667000000001,4.013,31.148,685.5050000000001,26.173000000000002,558.5550000000001,521.37,441.349,0.0,0.0,37.941,-0.3938528018063248,-0.12385624272647608,0.1767945607145856,6.4,7.0
AS14.26,0,0.0,33.0,3.0,0.0,0.0,0.0,0.0,0.0,0.0,0.0,0.0,0.0,0.0,0.0,0.0,1.0,1.0,0.0,8.0,8.0
AS14.26,1,0.0,16.0,20.0,0.0,0.0,0.0,0.0,0.0,0.0,0.0,0.0,0.0,0.0,0.0,0.0,1.0,1.0,0.0,8.0,8.0
AS14.26,2,0.0,16.0,2.0,0.0,0.0,0.0,0.0,0.0,0.0,0.0,0.0,0.0,0.0,0.0,0.0,1.0,1.0,0.0,8.0,8.0
AS14.26,3,0.0,20.0,5.0,0.0,0.0,0.0,0.0,0.0,0.0,0.0,0.0,0.0,0.0,0.0,0.0,1.0,1.0,0.0,8.0,8.0
AS14.26,4,0.0,9.0,4.0,0.0,0.0,0.0,0.0,0.0,0.0,0.0,0.0,0.0,0.0,0.0,0.0,1.0,1.0,0.0,8.0,8.0
AS14.26,5,0.0,10.0,1.0,0.0,0.0,0.0,0.0,0.0,0.0,0.0,0.0,0.0,0.0,0.0,0.0,1.0,1.0,0.0,8.0,8.0
AS14.26,6,0.0,4.0,7.0,0.0,0.0,0.0,0.0,0.0,0.0,0.0,0.0,0.0,0.0,0.0,0.0,0.43785714285714283,0.44000000000000006,0.0,7.2,6.0
AS14.26,7,0.0,5.0,0.0,0.0,0.0,0.0,0.0,0.0,0.0,0.0,0.0,0.0,0.0,0.0,0.0,0.13555555555555557,0.6,0.0,7.2,7.0
AS14.26,8,0.0,9.0,6.0,0.0,0.0,0.0,0.0,0.0,0.0,0.0,0.0,0.0,0.0,0.0,0.0,0.4290909090909091,0.3418181818181818,0.0,6.8,7.0
AS14.26,9,0.0,0.0,3.0,0.0,0.0,0.0,0.0,0.0,0.0,0.0,0.0,0.0,0.0,0.0,0.0,-0.011428571428571444,0.04,0.0,6.4,6.0
AS14.26,10,4476.450999736786,11.0,5.0,1486.4569999999999,1489.107,38.346000000000004,0.0,0.0,0.0,158.276,3418.119,0.0,0.0,0.0,53.409,0.4496659702278666,0.3010026789131267,0.06923526853859606,7.0,7.0
AS14.26,11,8036.553002595901,1.0,8.0,2085.303,6627.516,64.279,0.0,0.0,0.0,267.307,5088.472,107.875,0.0,23.082,0.0,0.2330912111144669,0.5723645927715695,0.1351777527650502,7.4,7.0
AS14.26,12,13024.035003900528,4.0,1.0,3534.997,9727.838,11.107,0.0,0.0,0.0,243.867,5366.417,0.0,14.142,22.112,159.507,0.15881327852137025,0.247078997248859,0.13688020190113998,6.2,8.0
AS14.26,13,9933.122000455858,11.0,2.0,2809.946,8150.814,32.324,0.0,0.0,0.0,238.316,3776.8160000000003,216.162,0.0,26.402,84.475,0.6046461787048582,0.6841914598523366,0.18744526937716197,7.2,7.0
AS14.26,14,6722.768002748489,8.0,3.0,2486.921,3336.947,98.93199999999999,0.0,0.0,0.0,218.268,2518.609,72.414,101.562,0.0,12.076,0.015284865781222623,0.6430225745460505,0.14619630013652385,7.4,8.0
AS14.26,15,11026.724999427794,10.0,2.0,3476.0209999999997,6573.455,74.208,0.0,0.0,0.0,186.53300000000002,5035.911,0.0,449.075,30.225,181.44299999999998,0.3364868981238443,0.7744153330714771,0.16582169988561996,7.6,6.0
AS14.26,16,12198.888002157211,6.0,3.0,3234.212,9478.663,21.212,0.0,0.0,0.0,171.44,5161.101,140.921,124.744,48.162000000000006,20.033,0.29230004994617204,0.3183727114618715,0.14024643745902088,6.2,8.0
AS14.26,17,10039.796002388,9.0,0.0,2713.901,9180.933,73.445,0.0,0.0,0.0,209.726,6197.469,161.089,159.281,50.374,0.0,0.09111477192757982,0.7604455888938648,0.1420778878152338,7.4,7.0
AS14.26,18,12772.545998573303,11.0,0.0,2902.602,7992.09,0.0,0.0,0.0,0.0,182.585,3474.306,289.442,0.0,47.379999999999995,16.097,0.006754930082034821,0.763177948890766,0.2113145461787445,7.2,7.0
AS14.27,0,0.0,24.0,13.0,0.0,0.0,0.0,0.0,0.0,0.0,0.0,0.0,0.0,0.0,0.0,0.0,-1.0,0.0,0.28125,6.0,6.0
AS14.27,1,0.0,9.0,13.0,0.0,0.0,0.0,0.0,0.0,0.0,0.0,0.0,0.0,0.0,0.0,0.0,-1.0,0.0,0.28125,6.0,6.0
AS14.27,2,0.0,6.0,3.0,0.0,0.0,0.0,0.0,0.0,0.0,0.0,0.0,0.0,0.0,0.0,0.0,-1.0,0.0,0.28125,6.0,6.0
AS14.27,3,0.0,15.0,12.0,0.0,0.0,0.0,0.0,0.0,0.0,0.0,0.0,0.0,0.0,0.0,0.0,-1.0,0.0,0.28125,6.0,6.0
AS14.27,4,0.0,9.0,3.0,0.0,0.0,0.0,0.0,0.0,0.0,0.0,0.0,0.0,0.0,0.0,0.0,-1.0,0.0,0.28125,6.0,6.0
AS14.27,5,0.0,12.0,8.0,0.0,0.0,0.0,0.0,0.0,0.0,0.0,0.0,0.0,0.0,0.0,0.0,-1.0,0.0,0.28125,6.0,6.0
AS14.27,6,0.0,12.0,4.0,0.0,0.0,0.0,0.0,0.0,0.0,0.0,0.0,0.0,0.0,0.0,0.0,-1.0,0.0,0.28125,6.0,6.0
AS14.27,7,7925.751997947695,11.0,12.0,2199.413,3468.853,0.0,0.0,965.006,0.0,268.705,3011.794,106.467,0.0,19.125,0.0,-0.46359119421804573,0.3591245515044693,0.18681034636616692,7.0,7.0
AS14.27,8,11443.957998752594,3.0,6.0,2913.991,6531.041,0.0,0.0,829.75,4.014,364.384,2797.103,662.898,0.0,1.004,25.474,-0.269050520180992,0.6609733786737086,0.20792706255074328,7.4,5.0
AS14.27,9,8594.481000185013,6.0,2.0,2818.5119999999997,4371.939,0.0,0.0,505.477,0.0,285.855,2970.736,138.696,0.0,0.0,29.347,-0.013722284675994834,0.5928954828522949,0.17281890447089934,7.3,7.0
AS14.27,10,15183.946999788284,11.0,0.0,3995.6719999999996,6405.876,0.0,0.0,747.008,0.0,367.48699999999997,3991.109,1519.745,0.0,0.0,0.0,-0.42778754236933914,0.688921546097987,0.2224542290344813,7.6,5.0
AS14.27,11,12165.73299884796,18.0,6.0,3389.442,6431.192,0.0,0.0,1084.001,0.0,404.361,2758.03,648.348,0.0,1.003,127.734,0.07198501986169428,0.3184773144317593,0.1803480158054956,6.8,8.0
AS14.27,12,13983.865002393723,31.0,0.0,4929.864,7076.412,0.0,0.0,494.249,0.0,360.073,4443.75,454.628,0.0,0.0,60.370999999999995,0.02568081898784671,0.7557241920255192,0.25939384994783204,7.6,8.0
AS14.27,13,15427.510997056961,4.0,0.0,3906.178,7786.471,0.0,0.0,828.871,0.0,296.596,4430.416,104.572,0.0,0.0,0.0,0.27636540587981573,0.6587190644467269,0.20503827830217078,7.8,8.0
AS14.27,14,15726.466999530794,12.0,8.0,4220.925,9344.669,0.0,0.0,380.276,0.0,205.415,2322.219,28.979,0.0,0.0,101.143,0.6992401919915694,0.508422048758678,0.16441005414462828,7.6,7.0
AS14.28,0,0.0,10.0,2.0,0.0,0.0,0.0,0.0,0.0,0.0,0.0,0.0,0.0,0.0,0.0,0.0,1.0,1.0,0.0681818181818182,7.0,7.0
AS14.28,1,0.0,5.0,2.0,0.0,0.0,0.0,0.0,0.0,0.0,0.0,0.0,0.0,0.0,0.0,0.0,1.0,1.0,0.0681818181818182,7.0,7.0
AS14.28,2,0.0,12.0,0.0,0.0,0.0,0.0,0.0,0.0,0.0,0.0,0.0,0.0,0.0,0.0,0.0,1.0,1.0,0.0681818181818182,7.0,7.0
AS14.28,3,675.5939998626707,8.0,1.0,318.23,93.215,3.04,14.058,0.0,0.0,40.548,691.1659999999999,0.0,0.0,6.177,0.0,0.9073684210526316,0.9073684210526316,0.06278687859865381,7.0,7.0
AS14.28,4,20321.403000354767,7.0,0.0,7743.562,10253.648,392.20799999999997,233.754,1019.3,0.0,460.577,10279.400000000001,900.117,19.399,1242.513,88.942,-0.3563927087283051,0.27230115808707966,0.1816810621060552,7.0,8.0
AS14.28,5,17940.553000450134,0.0,1.0,6110.018,9002.253999999999,124.76399999999998,74.232,357.127,0.0,338.326,7583.215,793.29,40.191,9.113,98.407,-0.5053779035736532,1.0206652619328167,0.2186319472261704,7.8,7.0
AS14.28,6,23967.08100414276,12.0,9.0,7346.382,14009.838,213.201,375.455,1702.728,0.0,307.695,9328.948,1286.485,80.441,484.93,201.063,-0.5935654772992663,0.72082863820832,0.21548749873076423,7.2,7.0
AS14.28,7,16203.714997053145,3.0,0.0,5619.896,5625.289,182.809,336.717,905.336,0.0,264.95,9316.561,230.225,48.747,2494.083,116.566,-0.3405437180334595,0.24471692126605854,0.08944628176930748,7.0,8.0
AS14.28,8,17723.5039999485,0.0,1.0,6226.411,7156.249,112.756,69.941,328.188,0.0,253.655,7487.161,616.085,59.674,1625.692,330.481,-0.3269221976762079,1.0523489932885906,0.18437707794630853,7.6,8.0
AS14.28,9,4406.5929992198935,0.0,0.0,1965.4520000000002,2684.301,328.89799999999997,51.653999999999996,110.76499999999999,0.0,144.317,2804.283,264.09000000000003,123.702,255.96499999999997,274.92900000000003,0.10148650848543497,0.5993650793650793,0.08981026892777344,6.8,6.0
AS14.28,10,16179.534997940063,3.0,1.0,6917.721,7324.311,143.541,59.006,1969.338,0.0,325.948,8016.483,279.601,252.184,1514.469,167.726,-0.1840527080795957,0.6607685257805546,0.12501187683587384,6.6,7.0
AS14.29,0,0.0,6.0,22.0,0.0,0.0,0.0,0.0,0.0,0.0,0.0,0.0,0.0,0.0,0.0,0.0,0.0,1.0,0.0222222222222222,8.0,8.0
AS14.29,1,0.0,2.0,6.0,0.0,0.0,0.0,0.0,0.0,0.0,0.0,0.0,0.0,0.0,0.0,0.0,0.0,1.0,0.0222222222222222,8.0,8.0
AS14.29,2,0.0,11.0,13.0,0.0,0.0,0.0,0.0,0.0,0.0,0.0,0.0,0.0,0.0,0.0,0.0,0.0,1.0,0.0222222222222222,8.0,8.0
AS14.29,3,0.0,10.0,9.0,0.0,0.0,0.0,0.0,0.0,0.0,0.0,0.0,0.0,0.0,0.0,0.0,0.0,1.0,0.0222222222222222,8.0,8.0
AS14.29,4,0.0,8.0,7.0,0.0,0.0,0.0,0.0,0.0,0.0,0.0,0.0,0.0,0.0,0.0,0.0,0.0,1.0,0.0222222222222222,8.0,8.0
AS14.29,5,1553.096999406815,3.0,18.0,37.502,814.266,7.023,0.0,0.0,240.639,45.589,570.184,0.0,0.0,14.126,0.0,-0.02573099415204678,1.0842105263157893,0.06223380628857189,8.0,8.0
AS14.29,6,13598.802998542787,1.0,8.0,284.451,6731.472,23.123,0.0,0.0,1672.692,351.992,8869.798,543.032,0.0,15.058,0.0,-0.5119318429337532,0.5668896091835959,0.19924225475855076,8.0,8.0
AS14.29,7,12903.599998712538,1.0,8.0,418.779,7456.777,196.063,27.183,0.0,1933.428,312.169,8037.909,321.256,0.0,6.055999999999999,0.0,0.39687697861239457,1.0314058327658975,0.14724453114482663,8.6,8.0
AS14.29,8,19540.154995441433,3.0,10.0,385.326,9900.165,142.2,1.004,0.0,2334.678,383.20799999999997,10828.27,657.967,0.0,3.018,0.0,-0.18508463823373406,0.9004633773150681,0.16416260914569972,8.0,8.0
AS14.29,9,13711.523999691008,5.0,15.0,630.78,7335.898999999999,0.0,0.0,0.0,1691.617,352.282,8503.346,656.423,0.0,12.117999999999999,0.0,-0.5133289264985776,0.3580540815168391,0.13548404995641355,7.2,7.0
AS14.29,10,17426.222007751465,6.0,9.0,690.119,10580.753,45.175,0.0,0.0,2432.375,309.313,6534.342,940.0260000000001,0.0,30.122,0.0,0.01180094410802226,0.395240674417634,0.24274809433599068,7.2,7.0
AS14.29,11,16697.77999663353,1.0,10.0,1022.768,8825.383,285.852,0.0,0.0,2031.049,198.077,5324.198,564.7479999999999,0.0,2.299,0.0,0.34957330229807193,0.3465157294099127,0.25152359369371907,7.4,8.0
AS14.29,12,9692.903001070023,10.0,26.0,749.078,3612.553,34.317,0.0,0.0,1148.171,128.56199999999998,3579.283,219.4,0.0,0.0,0.0,-0.031246088040054642,0.9287831588166153,0.2818953537375825,7.8,8.0
AS14.29,13,19028.349003314976,3.0,9.0,706.721,12079.318,102.17,65.333,0.0,2021.781,311.096,12138.625,74.93,0.0,3.0940000000000003,0.0,-0.07794394632344351,0.7283811422177894,0.14503844395076973,7.8,8.0
AS14.30,0,0.0,22.0,6.0,0.0,0.0,0.0,0.0,0.0,0.0,0.0,0.0,0.0,0.0,0.0,0.0,1.0,2.0,0.0625,8.0,8.0
AS14.30,1,0.0,5.0,1.0,0.0,0.0,0.0,0.0,0.0,0.0,0.0,0.0,0.0,0.0,0.0,0.0,1.0,2.0,0.0625,8.0,8.0
AS14.30,2,0.0,8.0,0.0,0.0,0.0,0.0,0.0,0.0,0.0,0.0,0.0,0.0,0.0,0.0,0.0,1.0,2.0,0.0625,8.0,8.0
AS14.30,3,0.0,11.0,5.0,0.0,0.0,0.0,0.0,0.0,0.0,0.0,0.0,0.0,0.0,0.0,0.0,1.0,2.0,0.0625,8.0,8.0
AS14.30,4,4662.235999584199,14.0,2.0,788.821,3354.82,115.624,38.551,0.0,0.0,165.767,1322.1,0.0,91.173,118.37,0.0,0.6967407727174617,1.70791423843442,0.10061855114482024,8.0,8.0
AS14.30,5,13257.699001073837,17.0,0.0,2660.51,13769.307,409.58799999999997,97.821,0.0,16.086,358.429,6194.468,0.0,168.043,361.869,43.231,-0.19834627186673282,0.9165217391304348,0.1811087507549017,8.0,8.0
AS14.30,6,15580.50200414658,12.0,0.0,2389.584,14997.444,478.932,26.145,0.0,0.0,425.557,5934.299,184.72699999999998,531.943,399.219,1.007,-0.6707129014323963,0.8675831485587583,0.17954328234900233,7.6,8.0
AS14.30,7,14160.795998096464,12.0,2.0,2653.665,9939.954,507.81600000000003,127.59800000000001,0.0,13.088000000000001,547.34,4282.041,104.131,206.639,293.938,0.0,-0.7466853102581801,0.8808011303167088,0.15477685296226681,8.0,8.0
AS14.30,8,20293.535999298096,3.0,7.0,1564.6599999999999,13081.623,305.547,54.284000000000006,1861.906,4.011,553.786,3596.404,115.99800000000002,24.662,210.329,60.055,-0.5982525372039025,1.0,0.14225740237548581,8.0,9.0
AS14.30,9,13376.314999341965,9.0,0.0,2412.42,10904.374,610.952,132.45600000000002,1596.877,0.0,553.815,5068.5689999999995,51.313,0.0,258.587,8.032,-0.6900124734540058,1.0086199738111206,0.1256328679108177,8.2,8.0
AS14.30,10,11931.426000595093,3.0,0.0,2181.243,9607.567,289.605,160.002,2116.844,0.0,338.402,4951.029,0.0,689.659,244.369,3.008,-0.9650573180833529,1.0640522875816993,0.13217819841207332,7.8,8.0
AS14.30,11,11681.297004699703,2.0,3.0,1859.4569999999999,8989.396,266.764,214.711,333.863,0.0,442.778,4125.074,130.664,90.645,272.347,0.0,-1.1848461108915553,1.0805076749285667,0.14635527318966016,8.0,8.0
AS14.30,12,18566.982999801636,11.0,3.0,1336.87,10655.027,262.439,84.39599999999999,237.21,21.238,259.55899999999997,3458.601,223.061,679.8340000000001,204.601,30.059,-1.0562940136967718,1.0,0.2345065314331717,8.0,8.0
AS14.31,0,0.0,8.0,6.0,0.0,0.0,0.0,0.0,0.0,0.0,0.0,0.0,0.0,0.0,0.0,0.0,1.0,1.0,0.0854700854700855,7.0,7.0
AS14.31,1,0.0,13.0,8.0,0.0,0.0,0.0,0.0,0.0,0.0,0.0,0.0,0.0,0.0,0.0,0.0,1.0,1.0,0.0854700854700855,7.0,7.0
AS14.31,2,0.0,19.0,13.0,0.0,0.0,0.0,0.0,0.0,0.0,0.0,0.0,0.0,0.0,0.0,0.0,1.0,1.0,0.08547008547008547,7.0,7.0
AS14.31,3,0.0,21.0,9.0,0.0,0.0,0.0,0.0,0.0,0.0,0.0,0.0,0.0,0.0,0.0,0.0,1.0,1.0,0.0854700854700855,7.0,7.0
AS14.31,4,0.0,3.0,4.0,0.0,0.0,0.0,0.0,0.0,0.0,0.0,0.0,0.0,0.0,0.0,0.0,1.0,1.0,0.0854700854700855,7.0,7.0
AS14.31,5,0.0,12.0,5.0,0.0,0.0,0.0,0.0,0.0,0.0,0.0,0.0,0.0,0.0,0.0,0.0,1.0,1.0,0.0854700854700855,7.0,7.0
AS14.31,6,2212.485998630524,11.0,5.0,487.674,1752.283,96.111,58.169,0.0,0.0,87.498,335.921,0.0,0.0,34.405,0.0,0.9744680851063829,0.9914893617021276,0.16268555767082554,7.0,6.0
AS14.31,7,3507.483999729157,12.0,3.0,1114.7649999999999,2445.089,452.79900000000004,60.275,0.0,1.011,158.917,367.367,51.254,0.0,243.552,0.0,0.2773510457644134,0.49963008678233845,0.347375665176736,6.8,7.0
AS14.31,8,13844.847996473312,19.0,5.0,2427.104,8580.56,572.635,88.447,0.0,72.162,379.879,1185.833,0.0,0.0,133.31199999999998,0.0,0.40826401929671163,0.6341297459533904,0.31850989880961234,7.2,7.0
AS14.31,9,9855.364998102188,10.0,3.0,1628.631,5522.005,616.025,41.682,0.0,56.867,432.674,422.79999999999995,0.0,0.0,159.147,0.0,-0.11599752243122512,0.6329722122957981,0.26294050012621406,6.8,7.0
AS14.31,10,14226.664999961853,9.0,6.0,2098.853,7399.311,665.461,0.0,0.0,80.096,382.918,725.419,142.96,0.0,255.431,0.0,0.5191315757424222,1.0763994357410809,0.4242220333772878,7.2,7.0
AS14.31,11,20838.168001174927,31.0,2.0,3775.1620000000003,10669.940999999999,630.669,130.80599999999998,0.0,95.484,297.858,270.828,399.972,5.064,258.501,0.0,0.7663011389654417,1.011961038961039,0.33083260863975117,7.0,7.0
AS14.31,12,15059.672999858856,5.0,9.0,2734.459,6807.772,700.373,171.214,0.0,137.374,432.965,877.838,137.757,0.0,401.22,0.0,0.6757264525386077,0.8656540326787219,0.21795691142925766,7.0,7.0
AS14.31,13,1009.0720000267037,0.0,0.0,329.309,300.402,0.0,0.0,0.0,2.112,54.51,53.183,0.0,0.0,29.169,0.0,0.9542222809567861,1.0048780487804878,0.11126703537022295,7.0,7.0
AS14.31,14,0.0,0.0,0.0,0.0,0.0,0.0,0.0,0.0,0.0,0.0,0.0,0.0,0.0,0.0,0.0,0.8133333333333332,1.0,0.25,7.0,7.0
AS14.32,0,0.0,40.0,5.0,0.0,0.0,0.0,0.0,0.0,0.0,0.0,0.0,0.0,0.0,0.0,0.0,-1.0,2.0,0.0,8.0,8.0
AS14.32,1,0.0,23.0,1.0,0.0,0.0,0.0,0.0,0.0,0.0,0.0,0.0,0.0,0.0,0.0,0.0,-1.0,2.0,0.0,8.0,8.0
AS14.32,2,0.0,34.0,2.0,0.0,0.0,0.0,0.0,0.0,0.0,0.0,0.0,0.0,0.0,0.0,0.0,-1.0,2.0,0.0,8.0,8.0
AS14.32,3,0.0,42.0,4.0,0.0,0.0,0.0,0.0,0.0,0.0,0.0,0.0,0.0,0.0,0.0,0.0,-1.0,2.0,0.0,8.0,8.0
AS14.32,4,0.0,30.0,0.0,0.0,0.0,0.0,0.0,0.0,0.0,0.0,0.0,0.0,0.0,0.0,0.0,-1.0,2.0,0.0,8.0,8.0
AS14.32,5,0.0,19.0,0.0,0.0,0.0,0.0,0.0,0.0,0.0,0.0,0.0,0.0,0.0,0.0,0.0,-1.0,2.0,0.0,8.0,8.0
AS14.32,6,0.0,21.0,2.0,0.0,0.0,0.0,0.0,0.0,0.0,0.0,0.0,0.0,0.0,0.0,0.0,-1.0,2.0,0.0,8.0,8.0
AS14.32,7,0.0,25.0,2.0,0.0,0.0,0.0,0.0,0.0,0.0,0.0,0.0,0.0,0.0,0.0,0.0,-1.0,2.0,0.0,8.0,8.0
AS14.32,8,6607.161996841429,18.0,4.0,394.84900000000005,3736.427,2176.421,0.0,0.0,0.0,238.624,13.199,206.438,0.0,0.0,0.0,-0.5815434165902353,1.3653109210185432,0.0892210339099223,7.8,8.0
AS14.32,9,11002.353002309801,19.0,16.0,1112.8919999999998,4735.082,3287.2870000000003,0.0,0.0,0.0,325.308,298.808,185.459,0.0,15.053,22.431,-0.3970825206292967,0.30455646443732853,0.11992710754273264,7.8,7.0
AS14.32,10,10414.093998670578,34.0,5.0,1379.4879999999998,5011.397,2552.985,0.0,0.0,0.0,301.494,129.203,118.23599999999999,0.0,13.118,0.0,-0.2133879974979403,0.40576171482397017,0.1664828862327952,7.4,8.0
AS14.32,11,9039.730999231337,24.0,3.0,1205.149,4856.798,2648.462,0.0,0.0,0.0,194.791,159.72799999999998,525.82,0.0,0.0,0.0,0.3046043669206617,0.7268443019449038,0.20612536535549913,8.2,7.0
AS14.32,12,7398.569999456406,9.0,1.0,800.173,3596.626,1757.559,0.0,0.0,0.0,162.468,106.273,348.53499999999997,0.0,0.0,0.0,-1.2327112659911046,0.38445595854922276,0.1733529430406891,7.0,8.0
AS14.32,13,8800.822999238968,26.0,1.0,732.569,5176.263,2034.718,0.0,0.0,0.0,189.874,550.036,114.039,0.0,91.973,0.0,-0.06030302372699457,0.6259602834437537,0.15760785012121653,7.8,8.0
AS14.32,14,8367.140999317171,32.0,3.0,685.707,4529.12,2254.145,0.0,0.0,0.0,180.585,0.0,193.445,0.0,0.0,0.0,-0.01368165602140703,0.45901089617862956,0.16494570019116664,7.4,9.0
AS14.32,15,10238.418998956675,48.0,3.0,1203.952,4696.893,2514.383,0.0,0.0,0.0,235.83700000000002,145.641,113.693,0.0,0.0,0.0,-0.36057268353199545,0.17802449729981426,0.17457570337994538,7.0,8.0
AS14.32,16,8831.976998090746,21.0,0.0,663.318,3013.39,2113.192,0.0,0.0,6.036,149.87900000000002,303.485,1129.361,0.0,0.0,0.0,-0.4855685269552012,0.4423517754794621,0.2027069157730465,7.4,7.0
AS14.33,0,0.0,33.0,3.0,0.0,0.0,0.0,0.0,0.0,0.0,0.0,0.0,0.0,0.0,0.0,0.0,-1.0,1.0,0.142857142857143,7.0,7.0
AS14.33,1,0.0,20.0,2.0,0.0,0.0,0.0,0.0,0.0,0.0,0.0,0.0,0.0,0.0,0.0,0.0,-1.0,1.0,0.142857142857143,7.0,7.0
AS14.33,2,0.0,26.0,2.0,0.0,0.0,0.0,0.0,0.0,0.0,0.0,0.0,0.0,0.0,0.0,0.0,-1.0,1.0,0.142857142857143,7.0,7.0
AS14.33,3,0.0,17.0,3.0,0.0,0.0,0.0,0.0,0.0,0.0,0.0,0.0,0.0,0.0,0.0,0.0,-1.0,1.0,0.142857142857143,7.0,7.0
AS14.33,4,0.0,23.0,3.0,0.0,0.0,0.0,0.0,0.0,0.0,0.0,0.0,0.0,0.0,0.0,0.0,-1.0,1.0,0.142857142857143,7.0,7.0
AS14.33,5,0.0,22.0,1.0,0.0,0.0,0.0,0.0,0.0,0.0,0.0,0.0,0.0,0.0,0.0,0.0,-1.0,1.0,0.142857142857143,7.0,7.0
AS14.33,6,0.0,21.0,3.0,0.0,0.0,0.0,0.0,0.0,0.0,0.0,0.0,0.0,0.0,0.0,0.0,-1.0,1.0,0.142857142857143,7.0,7.0
AS14.33,7,0.0,46.0,5.0,0.0,0.0,0.0,0.0,0.0,0.0,0.0,0.0,0.0,0.0,0.0,0.0,-1.0,1.0,0.142857142857143,7.0,7.0
AS14.33,8,0.0,30.0,1.0,0.0,0.0,0.0,0.0,0.0,0.0,0.0,0.0,0.0,0.0,0.0,0.0,-1.0,1.0,0.142857142857143,7.0,7.0
AS14.33,9,0.0,24.0,1.0,0.0,0.0,0.0,0.0,0.0,0.0,0.0,0.0,0.0,0.0,0.0,0.0,-1.0,1.0,0.142857142857143,7.0,7.0
AS14.33,10,0.0,10.0,2.0,0.0,0.0,0.0,0.0,0.0,0.0,0.0,0.0,0.0,0.0,0.0,0.0,-1.0,1.0,0.142857142857143,7.0,7.0
AS14.33,11,9853.313002347948,12.0,2.0,2648.817,2958.748,104.949,0.0,0.0,0.0,338.013,9927.451000000001,0.0,27.135,592.631,0.0,-0.25356236954307115,1.1111978134183151,0.17428141115226936,7.6,7.0
AS14.33,12,11069.818998575209,44.0,5.0,3599.831,3063.755,193.678,0.0,0.0,0.0,297.652,10620.781,142.336,0.0,185.329,0.0,0.18903110627871475,0.3181814555662159,0.12692052659603445,6.6,10.0
AS14.33,13,15395.156000852587,28.0,6.0,4354.892,3319.98,113.84200000000001,3.106,0.0,0.0,337.81100000000004,14176.635,252.92399999999998,4.011,330.19399999999996,0.0,-0.5657568267002001,0.6195502690256951,0.17781983875805443,7.4,6.0
AS14.33,14,8678.999998807905,30.0,6.0,3525.305,2216.176,116.134,0.0,0.0,0.0,174.293,6211.024,409.68399999999997,0.0,255.002,0.0,0.13874275562867688,0.8433219056953686,0.31663795211203066,7.6,7.0
AS14.33,15,8257.18000125885,21.0,4.0,3027.7110000000002,4408.295,446.972,0.0,0.0,0.0,231.027,10404.026,298.856,0.0,207.947,0.0,-0.5613325778025203,0.34406652732867643,0.11915503563729479,6.0,7.0
AS14.33,16,6941.189998149872,9.0,2.0,2614.79,3707.217,395.409,0.0,0.0,0.0,286.455,8214.567,237.87,2.007,64.356,0.0,-0.1895186201341191,0.3831765023225004,0.10500545163925949,6.2,7.0
AS14.33,17,5778.654001235961,13.0,1.0,1619.1390000000001,1581.079,304.16499999999996,0.0,0.0,0.0,314.39,8279.359,0.0,2.01,40.459,0.0,-0.2689495293945392,0.3449881573866166,0.07544741994161572,6.2,7.0
AS14.33,18,7786.173998117447,9.0,2.0,2007.933,4231.4490000000005,105.806,0.0,0.0,0.0,236.05399999999997,8424.229,0.0,0.0,105.82,0.0,-0.6158034175381557,-0.03241595841666229,0.08074533253645304,6.0,5.0
AS14.33,19,9933.320997714993,30.0,7.0,3109.109,3769.754,291.41700000000003,0.0,0.0,38.262,488.755,6661.909,916.653,8.072,245.95999999999998,0.0,-0.3213982586681386,0.4652065032943075,0.20538775852713168,6.6,7.0
